Description,Valence_Mean,Valence_ SD,Arousal_ Mean,Arousal_ SD,Word Frequency
abduction,2.76,2.06,5.53,2.43,1
abortion,3.5,2.3,5.39,2.8,6
absurd,4.26,1.82,4.36,2.2,17
abundance,6.59,2.01,5.51,2.63,13
abuse,1.8,1.23,6.83,2.7,18
acceptance,7.98,1.42,5.4,2.7,49
accident,2.05,1.19,6.26,2.87,33
ace,6.88,1.93,5.5,2.66,15
ache,2.46,1.52,5,2.45,4
achievement,7.89,1.38,5.53,2.81,65
activate,5.46,0.98,4.86,2.56,2
addict,2.48,2.08,5.66,2.26,1
addicted,2.51,1.42,4.81,2.46,3
admired,7.74,1.84,6.11,2.36,17
adorable,7.81,1.24,5.12,2.71,3
adult,6.49,1.5,4.76,1.95,25
advantage,6.95,1.85,4.76,2.18,73
adventure,7.6,1.5,6.98,2.15,14
affection,8.39,0.86,6.21,2.75,18
afraid,2,1.28,6.67,2.54,57
aggressive,5.1,1.68,5.83,2.33,17
agility,6.46,1.57,4.85,1.8,3
agony,2.43,2.17,6.06,2.67,9
agreement,7.08,1.59,5.02,2.24,106
air,6.34,1.56,4.12,2.3,257
alcoholic,2.84,2.34,5.69,2.36,3
alert,6.2,1.76,6.85,2.53,33
alien,5.6,1.82,5.45,2.15,16
alimony,3.95,2,4.3,2.29,2
alive,7.25,2.22,5.5,2.74,57
allergy,3.07,1.64,4.64,2.34,1
alley,4.48,1.97,4.91,2.42,8
alone,2.41,1.77,4.83,2.66,195
aloof,4.9,1.92,4.28,2.1,5
ambition,7.04,1.98,5.61,2.92,19
ambulance,2.47,1.5,7.33,1.96,6
angel,7.53,1.58,4.83,2.63,18
anger,2.34,1.32,7.63,1.91,48
angry,2.85,1.7,7.17,2.07,45
anguished,2.12,1.56,5.33,2.69,2
ankle,5.27,1.54,4.16,2.03,8
annoy,2.74,1.81,6.49,2.17,2
answer,6.63,1.68,5.41,2.43,152
anxious,4.81,1.98,6.92,1.81,29
applause,7.5,1.5,5.8,2.79,14
appliance,5.1,1.21,4.05,2.06,5
arm,5.34,1.82,3.59,2.4,94
army,4.72,1.75,5.03,2.03,132
aroused,7.97,1,6.63,2.7,20
arrogant,3.69,2.4,5.65,2.23,2
art,6.68,2.1,4.86,2.88,208
assassin,3.09,2.09,6.28,2.53,6
assault,2.03,1.55,7.51,2.28,15
astonished,6.56,1.61,6.58,2.22,6
astronaut,6.66,1.6,5.28,2.11,2
athletics,6.61,2.08,6.1,2.29,9
autumn,6.3,2.14,4.51,2.5,22
avalanche,3.29,1.95,5.54,2.37,1
avenue,5.5,1.37,4.12,2.01,46
awed,6.7,1.38,5.74,2.31,5
baby,8.22,1.2,5.53,2.8,62
bake,6.17,1.71,5.1,2.3,12
bandage,4.54,1.75,3.9,2.07,4
bankrupt,2,1.31,6.21,2.79,5
banner,5.4,0.83,3.83,1.95,8
bar,6.42,2.05,5,2.83,82
barrel,5.05,1.46,3.36,2.28,24
basket,5.45,1.15,3.63,2.02,17
bastard,3.36,2.16,6.07,2.15,12
bath,7.33,1.45,4.16,2.31,26
bathroom,5.55,1.36,3.88,1.72,18
bathtub,6.69,1.57,4.36,2.59,4
beach,8.03,1.59,5.53,3.07,61
beast,4.23,2.41,5.57,2.61,7
beautiful,7.6,1.64,6.17,2.34,127
beauty,7.82,1.16,4.95,2.57,71
bed,7.51,1.38,3.61,2.56,127
bees,3.2,2.07,6.51,2.14,15
beggar,3.22,2.02,4.91,2.45,2
bench,4.61,1.4,3.59,2.07,35
bereavement,4.57,1.7,4.2,2.15,4
betray,1.68,1.02,7.24,2.06,4
beverage,6.83,1.48,5.21,2.46,5
bird,7.27,1.36,3.17,2.23,31
birthday,7.84,1.92,6.68,2.11,18
black,5.39,1.8,4.61,2.24,203
blackmail,2.95,1.95,6.03,2.7,2
bland,4.1,1.08,3.29,1.89,3
blase,4.89,1.16,3.94,1.76,7
blasphemy,3.75,2.26,4.93,2.34,4
bless,7.19,1.69,4.05,2.59,9
blind,3.05,1.99,4.39,2.36,47
bliss,6.95,2.24,4.41,2.95,4
blister,2.88,1.75,4.1,2.34,3
blond,6.43,2.04,5.07,2.7,11
bloody,2.9,1.98,6.41,2,8
blossom,7.26,1.18,5.03,2.65,7
blubber,3.52,1.99,4.57,2.38,1
blue,6.76,1.78,4.31,2.2,143
board,4.82,1.23,3.36,2.12,239
body,5.55,2.37,5.52,2.63,276
bold,6.8,1.61,5.6,2.21,21
bomb,2.1,1.19,7.15,2.4,36
book,5.72,1.54,4.17,2.49,193
bored,2.95,1.35,2.83,2.31,14
bottle,6.15,1.49,4.79,2.44,76
bouquet,7.02,1.84,5.46,2.47,4
bowl,5.33,1.33,3.47,2.12,23
boxer,5.51,1.8,5.12,2.26,1
boy,6.32,1.6,4.58,2.37,242
brave,7.15,1.64,6.15,2.45,24
breast,6.5,1.78,5.37,2.39,11
breeze,6.85,1.71,4.37,2.32,14
bride,7.34,1.71,5.55,2.74,33
bright,7.5,1.55,5.4,2.33,87
broken,3.05,1.92,5.43,2.42,63
brother,7.11,2.17,4.71,2.68,73
brutal,2.8,1.9,6.6,2.36,7
building,5.29,1.15,3.92,1.94,160
bullet,3.29,2.06,5.33,2.48,28
bunny,7.24,1.32,4.06,2.61,1
burdened,2.5,1.32,5.63,2.07,4
burial,2.05,1.41,5.08,2.4,11
burn,2.73,1.72,6.22,1.91,15
bus,4.51,1.57,3.55,1.8,34
busybody,5.17,2.02,4.84,2.41,.
butter,5.33,1.2,3.17,1.84,27
butterfly,7.17,1.2,3.47,2.39,2
cabinet,5.05,0.31,3.43,1.85,17
cake,7.26,1.27,5,2.37,9
cancer,1.5,0.85,6.42,2.83,25
candy,6.54,2.09,4.58,2.4,16
cane,4,1.8,4.2,1.93,12
cannon,4.9,2.2,4.71,2.84,7
capable,7.16,1.39,5.08,2.07,66
car,7.73,1.63,6.24,2.04,274
carcass,3.34,1.92,4.83,2.07,7
carefree,7.54,1.38,4.17,2.84,9
caress,7.84,1.16,5.14,3,1
cash,8.37,1,7.37,2.21,36
casino,6.81,1.66,6.51,2.12,2
cat,5.72,2.43,4.38,2.24,.
cell,3.82,1.7,4.08,2.19,65
cellar,4.32,1.68,4.39,2.33,26
cemetery,2.63,1.4,4.82,2.66,15
chair,5.08,0.98,3.15,1.77,66
champ,7.18,1.97,6,2.43,1
champion,8.44,0.9,5.85,3.15,23
chance,6.02,1.77,5.38,2.58,131
chaos,4.17,2.36,6.67,2.06,17
charm,6.77,1.58,5.16,2.25,26
cheer,8.1,1.17,6.12,2.45,8
child,7.08,1.98,5.55,2.29,213
chin,5.29,1.27,3.31,1.98,27
chocolate,6.88,1.89,5.29,2.55,9
christmas,7.8,1.55,6.27,2.56,27
church,6.28,2.31,4.34,2.45,348
circle,5.67,1.26,3.86,2.13,60
circus,7.3,1.84,5.97,2.59,7
city,6.03,1.37,5.24,2.53,393
cliff,4.67,2.08,6.25,2.15,11
clock,5.14,1.54,4.02,2.54,20
clothing,6.54,1.85,4.78,2.88,20
clouds,6.18,2.18,3.3,2.08,38
clumsy,4,2.22,5.18,2.4,6
coarse,4.55,1.42,4.21,1.84,10
coast,5.98,1.86,4.59,2.31,61
cockroach,2.81,2.11,6.11,2.78,2
coffin,2.56,1.96,5.03,2.79,7
coin,6.02,1.96,4.29,2.48,10
cold,4.02,1.99,5.19,2.23,171
color,7.02,1.57,4.73,2.64,141
column,5.17,0.85,3.62,1.91,71
comedy,8.37,0.94,5.85,2.81,39
comfort,7.07,2.14,3.93,2.85,43
computer,6.24,1.61,4.75,1.93,13
concentrate,5.2,1.28,4.65,2.13,11
confident,7.98,1.29,6.22,2.41,16
confused,3.21,1.51,6.03,1.88,44
consoled,5.78,1.64,4.53,2.22,2
contempt,3.85,2.13,5.28,2.04,15
contents,4.89,0.89,4.32,2.14,16
context,5.2,1.38,4.22,2.24,2
controlling,3.8,2.25,6.1,2.19,23
cook,6.16,1.89,4.44,1.96,47
cord,5.1,1.09,3.54,2.09,6
cork,5.22,1.13,3.8,2.18,9
corner,4.36,1.21,3.91,1.92,115
corpse,2.18,1.48,4.74,2.94,7
corridor,4.88,1.14,3.63,2.41,17
corrupt,3.32,2.32,4.67,2.35,8
cottage,6.45,1.52,3.39,2.54,19
couple,7.41,1.97,6.39,2.31,122
cow,5.57,1.53,3.49,2.13,29
coward,2.74,1.64,4.07,2.19,8
cozy,7.39,1.53,3.32,2.28,1
crash,2.31,1.44,6.95,2.44,20
crime,2.89,2.06,5.41,2.69,34
criminal,2.93,1.66,4.79,2.51,24
crisis,2.74,2.23,5.44,3.07,82
crown,6.58,1.42,4.28,2.53,19
crucify,2.23,1.72,6.47,2.47,2
crude,3.12,1.65,5.07,2.37,15
cruel,1.97,1.67,5.68,2.65,15
crushed,2.21,1.74,5.52,2.87,10
crutch,3.43,1.62,4.14,2.05,1
cuddle,7.72,1.92,4.4,2.67,.
cuisine,6.64,1.48,4.39,1.99,1
curious,6.08,1.63,5.82,1.64,46
curtains,4.83,0.83,3.67,1.83,8
custom,5.85,1.53,4.66,2.12,14
cut,3.64,2.08,5,2.32,192
cute,7.62,1.01,5.53,2.71,5
cyclone,3.6,2.38,6.36,2.89,.
dagger,3.38,1.77,6.14,2.64,1
damage,3.05,1.65,5.57,2.26,33
dancer,7.14,1.56,6,2.2,31
danger,2.95,2.22,7.32,2.07,70
dark,4.71,2.36,4.28,2.21,185
dawn,6.16,2.33,4.39,2.81,28
daylight,6.8,2.17,4.77,2.5,15
dazzle,7.29,1.09,6.33,2.02,1
dead,1.94,1.76,5.73,2.73,174
death,1.61,1.4,4.59,3.07,277
debt,2.22,1.17,5.68,2.74,13
deceit,2.9,1.63,5.68,2.46,2
decompose,3.2,1.81,4.65,2.39,1
decorate,6.93,1.3,5.14,2.39,2
defeated,2.34,1.66,5.09,3,15
defiant,4.26,2.12,6.1,2.51,3
deformed,2.41,1.66,4.07,2.34,.
delayed,3.07,1.74,5.62,2.39,25
delight,8.26,1.04,5.44,2.88,29
demon,2.11,1.56,6.76,2.68,9
dentist,4.02,2.23,5.73,2.13,12
depressed,1.83,1.42,4.72,2.95,11
depression,1.85,1.67,4.54,3.19,24
derelict,4.28,1.84,4.1,1.94,1
deserter,2.45,1.8,5.5,2.55,.
desire,7.69,1.39,7.35,1.76,79
despairing,2.43,1.47,5.68,2.37,4
despise,2.03,1.38,6.28,2.43,7
destroy,2.64,2.03,6.83,2.38,48
destruction,3.16,2.44,5.82,2.71,38
detached,3.86,1.88,4.26,2.57,12
detail,5.55,1.58,4.1,2.24,72
detest,2.17,1.3,6.06,2.39,1
devil,2.21,1.99,6.07,2.61,25
devoted,7.41,1.37,5.23,2.21,51
diamond,7.92,1.2,5.53,2.96,8
dignified,7.1,1.26,4.12,2.29,7
dinner,7.16,1.5,5.43,2.14,91
diploma,8,1.39,5.67,2.8,.
dirt,4.17,1.77,3.76,2.26,43
dirty,3.08,2.05,4.88,2.29,36
disappoint,2.39,1.44,4.92,2.64,.
disaster,1.73,1.13,6.33,2.7,26
discomfort,2.19,1.23,4.17,2.44,7
discouraged,3,2.16,4.53,2.11,15
disdainful,3.68,1.9,5.04,2.14,2
disgusted,2.45,1.41,5.42,2.59,6
disloyal,1.93,1.61,6.56,2.21,2
displeased,2.79,2.23,5.64,2.48,7
distressed,1.94,1.1,6.4,2.38,4
disturb,3.66,2,5.8,2.39,10
diver,6.45,1.55,5.04,2.1,1
divorce,2.22,1.88,6.33,2.71,29
doctor,5.2,2.54,5.86,2.7,100
dog,7.57,1.66,5.76,2.5,75
doll,6.09,1.96,4.24,2.43,10
dollar,7.47,1.72,6.07,2.67,46
door,5.13,1.44,3.8,2.29,312
dove,6.9,1.54,3.79,2.28,4
dreadful,2.26,1.91,5.84,2.62,10
dream,6.73,1.75,4.53,2.72,64
dreary,3.05,1.58,2.98,2.18,6
dress,6.41,1.34,4.05,1.89,67
drown,1.92,1.48,6.57,2.33,3
dummy,3.38,1.7,4.35,2.25,3
dump,3.21,1.87,4.12,2.36,4
dustpan,3.98,1.68,3.43,2,.
earth,7.15,1.67,4.24,2.49,150
easy,7.1,1.91,4.48,2.82,125
easygoing,7.2,1.5,4.3,2.52,1
eat,7.47,1.73,5.69,2.51,61
ecstasy,7.98,1.52,7.38,1.92,6
education,6.69,1.77,5.74,2.46,214
egg,5.29,1.82,3.76,2.39,12
elated,7.45,1.77,6.21,2.3,3
elbow,5.12,0.92,3.81,2.14,10
elegant,7.43,1.26,4.53,2.65,14
elevator,5.44,1.18,4.16,1.99,12
embarrassed,3.03,1.85,5.87,2.55,8
embattled,4.39,1.63,5.36,2.37,1
employment,6.47,1.81,5.28,2.12,47
engaged,8,1.38,6.77,2.07,47
engine,5.2,1.18,3.98,2.33,50
enjoyment,7.8,1.2,5.2,2.72,21
ennui,5.09,1.76,4.4,2.33,.
enraged,2.46,1.65,7.97,2.17,1
erotic,7.43,1.53,7.24,1.97,8
errand,4.58,1.74,3.85,1.92,7
event,6.21,1.63,5.1,2.4,81
evil,3.23,2.64,6.39,2.44,72
excellence,8.38,0.96,5.54,2.67,15
excitement,7.5,2.2,7.67,1.91,32
excuse,4.05,1.41,4.48,2.29,27
execution,2.37,2.06,5.71,2.74,15
exercise,7.13,1.58,6.84,2.06,58
fabric,5.3,1.2,4.14,1.98,15
face,6.39,1.6,5.04,2.18,371
failure,1.7,1.07,4.95,2.81,89
fall,4.09,2.21,4.7,2.48,147
fame,7.93,1.29,6.55,2.46,18
family,7.65,1.55,4.8,2.71,331
famous,6.98,2.07,5.73,2.68,89
fantasy,7.41,1.9,5.14,2.82,14
farm,5.53,1.85,3.9,1.95,125
fascinate,7.34,1.68,5.83,2.73,3
fat,2.28,1.92,4.81,2.8,60
father,7.08,2.2,5.92,2.6,383
fatigued,3.28,1.43,2.64,2.19,3
fault,3.43,1.38,4.07,1.69,22
favor,6.46,1.52,4.54,1.86,78
fear,2.76,2.12,6.96,2.17,127
fearful,2.25,1.18,6.33,2.28,13
feeble,3.26,1.47,4.1,2.07,8
festive,7.3,2.26,6.58,2.29,2
fever,2.76,1.64,4.29,2.31,19
field,6.2,1.37,4.08,2.41,274
fight,3.76,2.63,7.15,2.19,98
filth,2.47,1.68,5.12,2.32,2
finger,5.29,1.42,3.78,2.42,40
fire,3.22,2.06,7.17,2.06,187
fireworks,7.55,1.5,6.67,2.12,5
fish,6.04,1.94,4,2.19,35
flabby,2.66,1.87,4.82,2.81,.
flag,6.02,1.66,4.6,2.35,16
flirt,7.52,1.19,6.91,1.69,1
flood,3.19,1.66,6,2.02,19
flower,6.64,1.78,4,2.44,23
foam,6.07,2.03,5.26,2.54,37
food,7.65,1.37,5.92,2.11,147
foot,5.02,0.93,3.27,1.98,70
fork,5.29,0.97,3.96,1.94,14
foul,2.81,1.52,4.93,2.23,4
fragrance,6.07,1.97,4.79,2.54,6
fraud,2.67,1.66,5.75,2.45,8
free,8.26,1.31,5.15,3.04,260
freedom,7.58,2.04,5.52,2.72,128
friend,7.74,1.24,5.74,2.57,133
friendly,8.43,1.08,5.11,2.96,61
frigid,3.5,1.85,4.75,2.56,5
frog,5.71,1.74,4.54,2.03,1
frustrated,2.48,1.64,5.61,2.76,10
fun,8.37,1.11,7.22,2.01,44
funeral,1.39,0.87,4.94,3.21,33
fungus,3.06,1.75,4.68,2.33,2
fur,4.51,1.88,4.18,2.44,13
game,6.98,1.97,5.89,2.37,123
gangrene,2.28,1.91,5.7,2.96,.
garbage,2.98,1.96,5.04,2.5,7
garden,6.71,1.74,4.39,2.35,60
garment,6.07,1.61,4.49,2.5,6
garter,6.22,1.59,5.47,2.15,2
gender,5.73,1.55,4.38,2.13,2
gentle,7.31,1.3,3.21,2.57,27
germs,2.86,1.39,4.49,2.24,1
gift,7.77,2.24,6.14,2.76,33
girl,6.87,1.64,4.29,2.69,220
glacier,5.5,1.25,4.24,2.29,1
glamour,6.76,1.6,4.68,2.23,5
glass,4.75,1.38,4.27,2.07,99
gloom,1.88,1.23,3.83,2.33,14
glory,7.55,1.68,6.02,2.71,21
god,8.15,1.27,5.95,2.84,318
gold,7.54,1.63,5.76,2.79,52
golfer,5.61,1.93,3.73,2.26,3
good,7.47,1.45,5.43,2.85,807
gossip,3.48,2.33,5.74,2.38,13
graduate,8.19,1.13,7.25,2.25,30
grass,6.12,1.44,4.14,2.11,53
grateful,7.37,0.97,4.58,2.14,25
greed,3.51,1.93,4.71,2.26,3
green,6.18,2.05,4.28,2.46,116
greet,7,1.52,5.27,2.31,7
grenade,3.6,1.88,5.7,2.52,3
grief,1.69,1.04,4.78,2.84,10
grime,3.37,1.34,3.98,2.29,.
grin,7.4,1.87,5.27,2.64,13
gripe,3.14,1.56,5,2.19,.
guillotine,2.48,2.11,6.56,2.54,.
guilty,2.63,1.98,6.04,2.76,29
gun,3.47,2.48,7.02,1.84,118
gymnast,6.35,1.79,5.02,2.2,1
habit,4.11,1.77,3.95,2.11,23
hairdryer,4.84,0.84,3.71,1.75,.
hairpin,5.26,1.45,3.27,2.41,1
hamburger,6.27,1.5,4.55,2.14,6
hammer,4.88,1.16,4.58,2.02,9
hand,5.95,1.38,4.4,2.07,431
handicap,3.29,1.69,3.81,2.27,6
handsome,7.93,1.47,5.95,2.73,40
haphazard,4.02,1.41,4.07,2.18,2
happy,8.21,1.82,6.49,2.77,98
hard,5.22,1.82,5.12,2.19,202
hardship,2.45,1.61,4.76,2.55,9
hat,5.46,1.36,4.1,2,56
hate,2.12,1.72,6.95,2.56,42
hatred,1.98,1.92,6.66,2.56,20
hawk,5.88,1.62,4.39,2.29,14
hay,5.24,1.24,3.95,2.58,19
headache,2.02,1.06,5.07,2.74,5
headlight,5.24,1.51,3.81,2.22,.
heal,7.09,1.46,4.77,2.23,2
health,6.81,1.88,5.13,2.35,105
heart,7.39,1.53,6.34,2.25,173
heaven,7.3,2.39,5.61,3.2,43
hell,2.24,1.62,5.38,2.62,95
helpless,2.2,1.42,5.34,2.52,21
heroin,4.36,2.73,5.11,2.72,2
hide,4.32,1.91,5.28,2.51,22
highway,5.92,1.72,5.16,2.44,40
hinder,3.81,1.42,4.12,2.01,.
history,5.24,2.01,3.93,2.29,286
hit,4.33,2.35,5.73,2.09,115
holiday,7.55,2.14,6.59,2.73,17
home,7.91,1.63,4.21,2.94,547
honest,7.7,1.43,5.32,1.92,47
honey,6.73,1.7,4.51,2.25,25
honor,7.66,1.24,5.9,1.83,66
hooker,3.34,2.31,4.93,2.82,.
hope,7.05,1.96,5.44,2.47,178
hopeful,7.1,1.46,5.78,2.09,12
horror,2.76,2.25,7.21,2.14,17
horse,5.89,1.55,3.89,2.17,117
hospital,5.04,2.45,5.98,2.54,110
hostage,2.2,1.8,6.76,2.63,2
hostile,2.73,1.5,6.44,2.28,19
hotel,6,1.77,4.8,2.53,126
house,7.26,1.72,4.56,2.41,591
hug,8,1.55,5.35,2.76,3
humane,6.89,1.7,4.5,1.91,5
humble,5.86,1.42,3.74,2.33,18
humiliate,2.24,1.34,6.14,2.42,.
humor,8.56,0.81,5.5,2.91,47
hungry,3.58,2.01,5.13,2.44,23
hurricane,3.34,2.12,6.83,2.06,8
hurt,1.9,1.26,5.85,2.49,37
hydrant,5.02,0.93,3.71,1.75,.
icebox,4.95,1,4.17,2.11,3
idea,7,1.34,5.86,1.81,195
identity,6.57,1.99,4.95,2.24,55
idiot,3.16,1.91,4.21,2.47,2
idol,6.12,1.86,4.95,2.14,7
ignorance,3.07,2.25,4.39,2.49,16
illness,2.48,1.4,4.71,2.24,20
imagine,7.32,1.52,5.98,2.14,61
immature,3.39,1.7,4.15,1.96,7
immoral,3.5,2.16,4.98,2.48,5
impair,3.18,1.86,4.04,2.14,4
impotent,2.81,1.92,4.57,2.59,2
impressed,7.33,1.84,5.42,2.65,30
improve,7.65,1.16,5.69,2.15,39
incentive,7,1.72,5.69,2.45,12
indifferent,4.61,1.28,3.18,1.85,11
industry,5.3,1.61,4.47,2.43,171
infant,6.95,2.08,5.05,2.66,11
infatuation,6.73,2.08,7.02,1.87,4
infection,1.66,1.34,5.03,2.77,8
inferior,3.07,1.57,3.83,2.05,7
inhabitant,5.05,1.34,3.95,1.97,.
injury,2.49,1.76,5.69,2.06,27
ink,5.05,0.81,3.84,1.88,7
innocent,6.51,1.34,4.21,1.99,37
insane,2.85,1.94,5.83,2.45,13
insect,4.07,2.16,4.07,2.46,14
insecure,2.36,1.33,5.56,2.34,3
insolent,4.35,1.76,5.38,2.37,2
inspire,6.97,1.91,5,2.53,3
inspired,7.15,1.85,6.02,2.67,25
insult,2.29,1.33,6,2.46,7
intellect,6.82,1.96,4.75,2.5,5
intercourse,7.36,1.57,7,2.07,9
interest,6.97,1.53,5.66,2.26,330
intimate,7.61,1.51,6.98,2.21,21
intruder,2.77,2.32,6.86,2.41,1
invader,3.05,2.01,5.5,2.4,1
invest,5.93,2.1,5.12,2.42,3
iron,4.9,1.02,3.76,2.06,43
irritate,3.11,1.67,5.76,2.15,.
item,5.26,0.86,3.24,2.08,54
jail,1.95,1.27,5.49,2.67,21
jealousy,2.51,1.83,6.36,2.66,4
jelly,5.66,1.44,3.7,2.29,3
jewel,7,1.72,5.38,2.54,1
joke,8.1,1.36,6.74,1.84,22
jolly,7.41,1.92,5.57,2.8,4
journal,5.14,1.49,4.05,1.96,42
joy,8.6,0.71,7.22,2.13,40
joyful,8.22,1.22,5.98,2.54,1
jug,5.24,1.65,3.88,2.15,6
justice,7.78,1.35,5.47,2.54,114
kerchief,5.11,1.33,3.43,2.08,1
kerosene,4.8,1.59,4.34,2.51,6
ketchup,5.6,1.35,4.09,2.08,1
kettle,5.22,0.91,3.22,2.23,3
key,5.68,1.62,3.7,2.18,88
kick,4.31,2.18,4.9,2.35,16
kids,6.91,1.99,5.27,2.36,32
killer,1.89,1.39,7.86,1.89,21
kind,7.59,1.67,4.46,2.55,313
kindness,7.82,1.39,4.3,2.62,5
king,7.26,1.67,5.51,2.77,88
kiss,8.26,1.54,7.32,2.03,17
kitten,6.86,2.13,5.08,2.45,5
knife,3.62,2.18,5.8,2,76
knot,4.64,1.36,4.07,2.15,8
knowledge,7.58,1.32,5.92,2.32,145
lake,6.82,1.54,3.95,2.44,54
lamb,5.89,1.73,3.36,2.18,7
lamp,5.41,1,3.8,2.12,18
lantern,5.57,1.19,4.05,2.28,13
laughter,8.45,1.08,6.75,2.5,22
lavish,6.21,2.03,4.93,2.4,3
lawn,5.24,0.86,4,1.79,15
lawsuit,3.37,2,4.93,2.44,1
lazy,4.38,2.02,2.65,2.06,9
leader,7.63,1.59,6.27,2.18,74
learn,7.15,1.49,5.39,2.22,84
legend,6.39,1.34,4.88,1.76,26
leisurely,6.88,1.81,3.8,2.38,5
leprosy,2.09,1.4,6.29,2.23,1
lesbian,4.67,2.45,5.12,2.27,.
letter,6.61,1.59,4.9,2.37,145
liberty,7.98,1.22,5.6,2.65,46
lice,2.31,1.78,5,2.26,2
lie,2.79,1.92,5.96,2.63,59
life,7.27,1.88,6.02,2.62,715
lightbulb,5.61,1.28,4.1,2.02,.
lighthouse,5.89,2.08,4.41,2.44,.
lightning,4.57,2.66,6.61,1.77,14
limber,5.68,1.49,4.57,2.26,2
lion,5.57,1.99,6.2,2.16,17
listless,4.12,1.73,4.1,2.31,1
lively,7.2,1.97,5.53,2.9,26
locker,5.19,1.31,3.38,2.13,9
loneliness,1.61,1.02,4.56,2.97,9
lonely,2.17,1.76,4.51,2.68,25
loser,2.25,1.48,4.95,2.57,1
lost,2.82,1.83,5.82,2.62,173
lottery,6.57,2.04,5.36,2.45,1
louse,2.81,1.92,4.98,2.03,3
love,8.72,0.7,6.44,3.35,232
loved,8.64,0.71,6.38,2.68,56
loyal,7.55,1.9,5.16,2.42,18
lucky,8.17,1.06,6.53,2.34,21
lump,4.16,2.34,4.8,2.82,7
luscious,7.5,1.08,5.34,2.51,2
lust,7.12,1.62,6.88,1.85,5
luxury,7.88,1.49,4.75,2.91,21
machine,5.09,1.67,3.82,2.4,103
mad,2.44,1.72,6.76,2.26,39
madman,3.91,2.49,5.56,2.78,2
maggot,2.06,1.47,5.28,2.96,2
magical,7.46,1.64,5.95,2.36,12
mail,6.88,1.74,5.63,2.36,47
malaria,2.4,1.38,4.4,2.54,3
malice,2.69,1.84,5.86,2.75,2
man,6.73,1.7,5.24,2.31,1207
mangle,3.9,2.01,5.44,2.1,.
maniac,3.76,2,5.39,2.46,4
manner,5.64,1.34,4.56,1.78,124
mantel,4.93,1.4,3.27,2.23,3
manure,3.1,1.74,4.17,2.09,6
market,5.66,1.02,4.12,1.83,155
massacre,2.28,1.74,5.33,2.63,1
masterful,7.09,1.78,5.2,2.85,2
masturbate,5.45,2.02,5.67,2.18,.
material,5.26,1.29,4.05,2.34,174
measles,2.74,1.97,5.06,2.44,2
medicine,5.67,2.06,4.4,2.36,30
meek,3.87,1.69,3.8,2.13,10
melody,7.07,1.79,4.98,2.52,21
memories,7.48,1.61,6.1,2.1,15
memory,6.62,1.5,5.42,2.25,76
menace,2.88,1.64,5.52,2.45,9
merry,7.9,1.49,5.9,2.42,8
messy,3.15,1.73,3.34,2.37,3
metal,4.95,1.17,3.79,1.96,61
method,5.56,1.76,3.85,2.58,142
mighty,6.54,2.19,5.61,2.38,29
mildew,3.17,1.36,4.08,1.79,1
milk,5.95,2.16,3.68,2.57,49
millionaire,8.03,1.42,6.14,2.7,2
mind,6.68,1.84,5,2.68,325
miracle,8.6,0.71,7.65,1.67,16
mischief,5.57,2.05,5.76,1.95,5
misery,1.93,1.6,5.17,2.69,15
mistake,2.86,1.79,5.18,2.42,34
mobility,6.83,1.79,5,2.18,8
modest,5.76,1.28,3.98,2.24,29
mold,3.55,1.7,4.07,1.98,45
moment,5.76,1.65,3.83,2.29,246
money,7.59,1.4,5.7,2.66,265
month,5.15,1.09,4.03,1.77,130
moody,3.2,1.58,4.18,2.38,5
moral,6.2,1.85,4.49,2.28,142
morbid,2.87,2.14,5.06,2.68,1
morgue,1.92,1.32,4.84,2.96,1
mosquito,2.8,1.91,4.78,2.72,1
mother,8.39,1.15,6.13,2.71,216
mountain,6.59,1.66,5.49,2.43,33
movie,6.86,1.81,4.93,2.54,29
mucus,3.34,2.29,3.41,2.17,2
muddy,4.44,2.07,4.13,2.13,10
muffin,6.57,2.04,4.76,2.42,.
murderer,1.53,0.96,7.47,2.18,19
muscular,6.82,1.63,5.47,2.2,16
museum,5.54,1.86,3.6,2.13,32
mushroom,5.78,2.22,4.72,2.33,2
music,8.13,1.09,5.32,3.19,216
mutation,3.91,2.44,4.84,2.52,.
mutilate,1.82,1.45,6.41,2.94,3
mystic,6,2.21,4.84,2.57,3
naked,6.34,2.42,5.8,2.8,32
name,5.55,2.24,4.25,2.47,294
narcotic,4.29,2.3,4.93,2.57,2
nasty,3.58,2.38,4.89,2.5,5
natural,6.59,1.57,4.09,2.37,156
nature,7.65,1.37,4.37,2.51,191
nectar,6.9,1.53,3.89,2.48,3
needle,3.82,1.73,5.36,2.89,15
neglect,2.63,1.64,4.83,2.31,12
nervous,3.29,1.47,6.59,2.07,24
neurotic,4.45,2.23,5.13,2.76,10
news,5.3,1.67,5.17,2.11,102
nice,6.55,2.44,4.38,2.69,75
nightmare,1.91,1.54,7.59,2.23,9
nipple,6.27,1.81,5.56,2.55,.
noisy,5.02,2.02,6.38,1.78,6
nonchalant,4.74,1.11,3.12,1.93,1
nonsense,4.61,1.63,4.17,2.02,13
noose,3.76,1.64,4.39,2.08,3
nourish,6.46,1.69,4.29,2.51,.
nude,6.82,1.63,6.41,2.09,20
nuisance,3.27,1.86,4.49,2.69,5
nun,4.93,1.89,2.93,1.8,2
nurse,6.08,2.08,4.84,2.04,17
nursery,5.73,2.3,4.04,2.74,13
obesity,2.73,1.85,3.87,2.82,5
obey,4.52,1.88,4.23,1.72,8
obnoxious,3.5,2.18,4.74,2.42,5
obscene,4.23,2.3,5.04,2.3,2
obsession,4.52,2.13,6.41,2.13,5
ocean,7.12,1.72,4.95,2.79,34
odd,4.82,2.04,4.27,2.46,44
offend,2.76,1.5,5.56,2.06,4
office,5.24,1.59,4.08,1.92,255
opinion,6.28,1.45,4.89,2.46,96
optimism,6.95,2.24,5.34,2.58,15
option,6.49,1.31,4.74,2.23,5
orchestra,6.02,1.89,3.52,2.29,60
orgasm,8.32,1.31,8.1,1.45,7
outdoors,7.47,1.8,5.92,2.55,6
outrage,3.52,2.12,6.83,2.26,4
outstanding,7.75,1.75,6.24,2.59,37
overcast,3.65,1.61,3.46,1.92,9
overwhelmed,4.19,2.61,7,2.37,4
owl,5.8,1.31,3.98,1.87,2
pain,2.13,1.81,6.5,2.49,88
paint,5.62,1.72,4.1,2.36,37
palace,7.19,1.78,5.1,2.75,38
pamphlet,4.79,1.05,3.62,2.02,3
pancakes,6.08,1.83,4.06,2.13,.
panic,3.12,1.84,7.02,2.02,22
paper,5.2,1.21,2.5,1.85,157
paradise,8.72,0.6,5.12,3.38,12
paralysis,1.98,1.44,4.73,2.83,6
part,5.11,1.78,3.82,2.24,500
party,7.86,1.83,6.69,2.84,216
passage,5.28,1.44,4.36,2.13,49
passion,8.03,1.27,7.26,2.57,28
pasta,6.69,1.64,4.94,2.04,.
patent,5.29,1.08,3.5,1.84,35
patient,5.29,1.89,4.21,2.37,86
patriot,6.71,1.69,5.17,2.53,10
peace,7.72,1.75,2.95,2.55,198
penalty,2.83,1.56,5.1,2.31,14
pencil,5.22,0.68,3.14,1.9,34
penis,5.9,1.72,5.54,2.63,.
penthouse,6.81,1.64,5.52,2.49,1
people,7.33,1.7,5.94,2.09,847
perfection,7.25,2.05,5.95,2.73,11
perfume,6.76,1.48,5.05,2.36,10
person,6.32,1.74,4.19,2.45,175
pervert,2.79,2.12,6.26,2.61,1
pest,3.13,1.82,5.62,2.15,4
pet,6.79,2.32,5.1,2.59,8
phase,5.17,0.79,3.98,1.82,72
pie,6.41,1.89,4.2,2.4,14
pig,5.07,1.97,4.2,2.42,8
pillow,7.92,1.4,2.97,2.52,8
pinch,3.83,1.7,4.59,2.1,6
pistol,4.2,2.58,6.15,2.19,27
pity,3.37,1.57,3.72,2.02,14
pizza,6.65,2.23,5.24,2.09,3
plain,4.39,1.46,3.52,2.05,48
plane,6.43,1.98,6.14,2.39,114
plant,5.98,1.83,3.62,2.25,125
pleasure,8.28,0.92,5.74,2.81,62
poetry,5.86,1.91,4,2.85,88
poison,1.98,1.44,6.05,2.82,10
politeness,7.18,1.5,3.74,2.37,5
pollute,1.85,1.11,6.08,2.42,1
poster,5.34,1.75,3.93,2.56,4
poverty,1.67,0.9,4.87,2.66,20
power,6.54,2.21,6.67,1.87,342
powerful,6.84,1.8,5.83,2.69,63
prairie,5.75,1.43,3.41,2.17,21
present,6.95,1.85,5.12,2.39,377
pressure,3.38,1.61,6.07,2.26,185
prestige,7.26,1.9,5.86,2.08,29
pretty,7.75,1.26,6.03,2.22,107
prick,3.98,1.73,4.7,2.59,2
pride,7,2.11,5.83,2.48,42
priest,6.42,2,4.41,2.71,16
prison,2.05,1.34,5.7,2.56,42
privacy,5.88,1.5,4.12,1.83,12
profit,7.63,1.3,6.68,1.78,28
progress,7.73,1.34,6.02,2.58,120
promotion,8.2,1.15,6.44,2.58,26
protected,7.29,1.79,4.09,2.77,31
proud,8.03,1.56,5.56,3.01,50
pungent,3.95,2.09,4.24,2.17,4
punishment,2.22,1.41,5.93,2.4,21
puppy,7.56,1.9,5.85,2.78,2
pus,2.86,1.91,4.82,2.06,.
putrid,2.38,1.71,5.74,2.26,.
python,4.05,2.48,6.18,2.25,14
quality,6.25,1.59,4.48,2.12,114
quarrel,2.93,2.06,6.29,2.56,20
quart,5.39,2.01,3.59,2.51,3
queen,6.44,1.43,4.76,2.18,41
quick,6.64,1.61,6.57,1.78,68
quiet,5.58,1.83,2.82,2.13,76
rabbit,6.57,1.92,4.02,2.19,11
rabies,1.77,0.97,6.1,2.62,1
radiant,6.73,2.17,5.39,2.82,8
radiator,4.67,1.05,4.02,1.94,4
radio,6.73,1.47,4.78,2.82,120
rage,2.41,1.86,8.17,1.4,16
rain,5.08,2.51,3.65,2.35,70
rainbow,8.14,1.23,4.64,2.88,4
rancid,4.34,2.28,5.04,2.27,.
rape,1.25,0.91,6.81,3.17,5
rat,3.02,1.66,4.95,2.36,6
rattle,5.03,1.23,4.36,2.18,5
razor,4.81,2.16,5.36,2.44,15
red,6.41,1.61,5.29,2.04,197
refreshment,7.44,1.29,4.45,2.7,2
regretful,2.28,1.42,5.74,2.32,1
rejected,1.5,1.09,6.37,2.56,33
relaxed,7,1.77,2.39,2.13,14
repentant,5.53,1.86,4.69,1.98,1
reptile,4.77,2,5.18,2.19,.
rescue,7.7,1.24,6.53,2.56,15
resent,3.76,1.9,4.47,2.12,8
reserved,4.88,1.83,3.27,2.05,27
respect,7.64,1.29,5.19,2.39,125
respectful,7.22,1.27,4.6,2.67,4
restaurant,6.76,1.85,5.41,2.55,41
reunion,6.48,2.45,6.34,2.35,11
reverent,5.35,1.21,4,1.6,3
revolt,4.13,1.78,6.56,2.34,8
revolver,4.02,2.44,5.55,2.39,14
reward,7.53,1.67,4.95,2.62,15
riches,7.7,1.95,6.17,2.7,2
ridicule,3.13,2.24,5.83,2.73,5
rifle,4.02,2.76,6.35,2.04,63
rigid,3.66,2.12,4.66,2.47,24
riot,2.96,1.93,6.39,2.63,7
river,6.85,1.69,4.51,2.42,165
roach,2.35,1.7,6.64,2.64,2
robber,2.61,1.69,5.62,2.72,2
rock,5.56,1.38,4.52,2.37,75
rollercoaster,8.02,1.63,8.06,1.71,.
romantic,8.32,1,7.59,2.07,32
rotten,2.26,1.37,4.53,2.38,2
rough,4.74,2,5.33,2.04,41
rude,2.5,2.11,6.31,2.47,6
runner,5.67,1.91,4.76,2.4,1
rusty,3.86,1.47,3.77,2.16,8
sad,1.61,0.95,4.13,2.38,35
safe,7.07,1.9,3.86,2.72,58
sailboat,7.25,1.71,4.88,2.73,1
saint,6.49,1.7,4.49,1.9,16
salad,5.74,1.62,3.81,2.29,9
salute,5.92,1.57,5.31,2.23,3
sapphire,7,1.88,5,2.72,.
satisfied,7.94,1.19,4.94,2.63,36
save,6.45,1.93,4.95,2.19,62
savior,7.73,1.56,5.8,3.01,6
scalding,2.82,2.12,5.95,2.55,1
scandal,3.32,1.81,5.12,2.22,8
scapegoat,3.67,1.65,4.53,2.13,1
scar,3.38,1.7,4.79,2.11,10
scared,2.78,1.99,6.82,2.03,21
scholar,7.26,1.42,5.12,2.46,15
scissors,5.05,0.96,4.47,1.76,1
scorching,3.76,1.83,5,2.74,.
scorn,2.84,2.07,5.48,2.52,4
scornful,3.02,2.03,5.04,2.56,5
scorpion,3.69,2.63,5.38,3.08,.
scream,3.88,2.07,7.04,1.96,13
scum,2.43,1.56,4.88,2.36,.
scurvy,3.19,2,4.71,2.72,1
seasick,2.05,1.2,5.8,2.88,.
seat,4.95,0.98,2.95,1.72,54
secure,7.57,1.76,3.14,2.47,30
selfish,2.42,1.62,5.5,2.62,8
sentiment,5.98,1.71,4.41,2.3,23
serious,5.08,1.59,4,1.87,116
severe,3.2,1.74,5.26,2.36,39
sex,8.05,1.53,7.36,1.91,84
sexy,8.02,1.12,7.36,1.91,2
shadow,4.35,1.23,4.3,2.26,36
shamed,2.5,1.34,4.88,2.27,1
shark,3.65,2.47,7.16,1.96,.
sheltered,5.75,1.92,4.28,1.77,4
ship,5.55,1.4,4.38,2.29,83
shotgun,4.37,2.75,6.27,1.94,8
shriek,3.93,2.22,5.36,2.91,5
shy,4.64,1.83,3.77,2.29,13
sick,1.9,1.14,4.29,2.45,51
sickness,2.25,1.71,5.61,2.67,6
silk,6.9,1.27,3.71,2.51,12
silly,7.41,1.8,5.88,2.38,15
sin,2.8,1.67,5.78,2.21,53
sinful,2.93,2.15,6.29,2.43,3
sissy,3.14,1.96,5.17,2.57,.
skeptical,4.52,1.63,4.91,1.92,7
skijump,7.06,1.73,7.06,2.1,.
skull,4.27,1.83,4.75,1.85,3
sky,7.37,1.4,4.27,2.17,58
skyscraper,5.88,1.87,5.71,2.17,2
slap,2.95,1.79,6.46,2.58,2
slaughter,1.64,1.18,6.77,2.42,10
slave,1.84,1.13,6.21,2.93,30
sleep,7.2,1.77,2.8,2.66,65
slime,2.68,1.66,5.36,2.63,1
slow,3.93,1.6,3.39,2.22,60
slum,2.39,1.25,4.78,2.52,8
slush,4.66,1.88,3.73,2.23,.
smallpox,2.52,2.08,5.58,2.13,2
smooth,6.58,1.78,4.91,2.57,42
snake,3.31,2.2,6.82,2.1,44
snob,3.36,1.81,5.65,2.36,1
snow,7.08,1.83,5.75,2.47,59
snuggle,7.92,1.24,4.16,2.8,4
social,6.88,1.82,4.98,2.59,380
soft,7.12,1.34,4.63,2.61,61
solemn,4.32,1.51,3.56,1.95,12
song,7.1,1.97,6.07,2.42,70
soothe,7.3,1.85,4.4,3.08,2
sour,3.93,1.98,5.1,1.95,3
space,6.78,1.66,5.14,2.54,184
spanking,3.55,2.54,5.41,2.73,.
sphere,5.33,0.87,3.88,1.99,22
spider,3.33,1.72,5.71,2.21,2
spirit,7,1.32,5.56,2.62,182
spouse,7.58,1.48,5.21,2.75,3
spray,5.45,1.63,4.14,2.28,16
spring,7.76,1.51,5.67,2.51,127
square,4.74,1.02,3.18,1.76,143
stagnant,4.15,1.57,3.93,1.94,5
star,7.27,1.66,5.83,2.44,25
startled,4.5,1.67,6.93,2.24,21
starving,2.39,1.82,5.61,2.53,6
statue,5.17,0.7,3.46,1.72,17
stench,2.19,1.37,4.36,2.46,1
stiff,4.68,1.97,4.02,2.41,21
stink,3,1.79,4.26,2.1,3
stomach,4.82,2.06,3.93,2.49,37
stool,4.56,1.72,4,2.14,8
storm,4.95,2.22,5.71,2.34,26
stove,4.98,1.69,4.51,2.14,15
street,5.22,0.72,3.39,1.87,244
stress,2.09,1.41,7.45,2.38,107
strong,7.11,1.48,5.92,2.28,202
stupid,2.31,1.37,4.72,2.71,24
subdued,4.67,1.31,2.9,1.81,8
success,8.29,0.93,6.11,2.65,93
suffocate,1.56,0.96,6.03,3.19,1
sugar,6.74,1.73,5.64,2.18,34
suicide,1.25,0.69,5.73,3.14,17
sun,7.55,1.85,5.04,2.66,112
sunlight,7.76,1.43,6.1,2.3,17
sunrise,7.86,1.35,5.06,3.05,10
sunset,7.68,1.72,4.2,2.99,14
surgery,2.86,2.19,6.35,2.32,6
surprised,7.47,1.56,7.47,2.09,58
suspicious,3.76,1.42,6.25,1.59,13
swamp,5.14,2.24,4.86,2.36,5
sweetheart,8.42,0.83,5.5,2.73,9
swift,6.46,1.76,5.39,2.53,32
swimmer,6.54,1.64,4.82,2.49,.
syphilis,1.68,1.23,5.69,3.25,.
table,5.22,0.72,2.92,2.16,198
talent,7.56,1.25,6.27,1.8,40
tamper,4.1,1.88,4.95,2.01,1
tank,5.16,1.87,4.88,1.86,12
taste,6.66,1.57,5.22,2.38,59
taxi,5,1.96,3.41,2.14,16
teacher,5.68,2.12,4.05,2.61,80
tease,4.84,2.51,5.87,2.56,6
tender,6.93,1.28,4.88,2.3,11
tennis,6.02,1.97,4.61,2.6,15
tense,3.56,1.36,6.53,2.1,15
termite,3.58,2.08,5.39,2.43,.
terrible,1.93,1.44,6.27,2.44,45
terrific,8.16,1.12,6.23,2.73,5
terrified,1.72,1.14,7.86,2.27,7
terrorist,1.69,1.42,7.27,2.38,.
thankful,6.89,2.29,4.34,2.31,6
theory,5.3,1.49,4.62,1.94,129
thermometer,4.73,1.05,3.79,2.02,.
thief,2.13,1.69,6.89,2.13,8
thorn,3.64,1.76,5.14,2.14,3
thought,6.39,1.58,4.83,2.46,515
thoughtful,7.65,1.03,5.72,2.3,11
thrill,8.05,1.48,8.02,1.65,5
tidy,6.3,1.56,3.98,2.22,1
time,5.31,2.02,4.64,2.75,1599
timid,3.86,1.55,4.11,2.09,5
tobacco,3.28,2.16,4.83,2.9,19
tomb,2.94,1.88,4.73,2.72,11
tool,5.19,1.27,4.33,1.78,40
toothache,1.98,1.15,5.55,2.51,.
tornado,2.55,1.78,6.83,2.49,1
torture,1.56,0.79,6.1,2.77,3
tower,5.46,1.75,3.95,2.28,13
toxic,2.1,1.48,6.4,2.41,3
toy,7,2.01,5.11,2.84,4
tragedy,1.78,1.31,6.24,2.64,49
traitor,2.22,1.69,5.78,2.47,2
trash,2.67,1.45,4.16,2.16,2
trauma,2.1,1.49,6.33,2.45,1
travel,7.1,2,6.21,2.51,61
treasure,8.27,0.9,6.75,2.3,4
treat,7.36,1.38,5.62,2.25,26
tree,6.32,1.56,3.42,2.21,59
triumph,7.8,1.83,5.78,2.6,22
triumphant,8.82,0.73,6.78,2.58,5
trophy,7.78,1.22,5.39,2.44,8
trouble,3.03,2.09,6.85,2.03,134
troubled,2.17,1.21,5.94,2.36,31
truck,5.47,1.88,4.84,2.17,57
trumpet,5.75,1.38,4.97,2.13,7
trunk,5.09,1.57,4.18,2.19,8
trust,6.68,2.71,5.3,2.66,52
truth,7.8,1.29,5,2.77,126
tumor,2.36,2.04,6.51,2.85,17
tune,6.93,1.47,4.71,2.09,10
twilight,7.23,1.8,4.7,2.41,4
ugly,2.43,1.27,5.38,2.23,21
ulcer,1.78,1.17,6.12,2.68,5
umbrella,5.16,1.57,3.68,1.99,8
unfaithful,2.05,1.55,6.2,2.7,1
unhappy,1.57,0.96,4.18,2.5,26
unit,5.59,1.87,3.75,2.49,103
untroubled,7.62,1.41,3.89,2.54,.
upset,2,1.18,5.86,2.4,14
urine,3.25,1.71,4.2,2.18,1
useful,7.14,1.6,4.26,2.47,58
useless,2.13,1.42,4.87,2.58,17
utensil,5.14,1.39,3.57,1.98,.
vacation,8.16,1.36,5.64,2.99,47
vagina,6.14,1.77,5.55,2.55,10
valentine,8.11,1.35,6.06,2.91,2
vampire,4.26,1.86,6.37,2.35,1
vandal,2.71,1.91,6.4,1.88,1
vanity,4.3,1.91,4.98,2.31,7
vehicle,6.27,2.34,4.63,2.81,35
venom,2.68,1.81,6.08,2.44,2
vest,5.25,1.33,3.95,2.09,4
victim,2.18,1.48,6.06,2.32,27
victory,8.32,1.16,6.63,2.84,61
vigorous,6.79,1.54,5.9,2.66,29
village,5.92,1.34,4.08,1.87,72
violent,2.29,1.78,6.89,2.47,33
violin,5.43,1.98,3.49,2.26,11
virgin,6.45,1.76,5.51,2.06,35
virtue,6.22,2.06,4.52,2.52,30
vision,6.62,1.84,4.66,2.43,56
volcano,4.84,2.14,6.33,2.21,2
vomit,2.06,1.57,5.75,2.84,3
voyage,6.25,1.91,5.55,2.23,17
wagon,5.37,0.97,3.98,2.04,55
war,2.08,1.91,7.49,2.16,464
warmth,7.41,1.81,3.73,2.4,28
wasp,3.37,1.63,5.5,2.17,2
waste,2.93,1.76,4.14,2.3,35
watch,5.78,1.51,4.1,2.12,81
water,6.61,1.78,4.97,2.49,442
waterfall,7.88,1.03,5.37,2.84,2
wealthy,7.7,1.34,5.8,2.73,12
weapon,3.97,1.92,6.03,1.89,42
weary,3.79,2.12,3.81,2.29,17
wedding,7.82,1.56,5.97,2.85,32
whistle,5.81,1.21,4.69,1.99,4
white,6.47,1.59,4.37,2.14,365
whore,2.3,2.11,5.85,2.93,2
wicked,2.96,2.37,6.09,2.44,9
wife,6.33,1.97,4.93,2.22,228
win,8.38,0.92,7.72,2.16,55
windmill,5.6,1.65,3.74,2.13,1
window,5.91,1.38,3.97,2.01,119
wine,5.95,2.19,4.78,2.34,72
wink,6.93,1.83,5.44,2.68,7
wise,7.52,1.23,3.91,2.64,36
world,6.5,2.03,5.32,2.39,787
wounds,2.51,1.58,5.82,2.01,8
writer,5.52,1.9,4.33,2.45,73
yacht,6.95,1.79,5.61,2.72,4
yellow,5.61,1.94,4.43,2.05,55
young,6.89,2.12,5.64,2.51,385
youth,6.75,2.29,5.67,2.52,82
zest,6.79,2.04,5.59,2.66,5
FALSE,3.27,1.4,3.43,2.09,29